Segment,CustomerCount,Revenue,Orders,Units,AverageRevenuePerCustomer,AverageOrdersPerCustomer,AverageRecency,MedianRecency,AverageMonetary,MedianMonetary,AverageFrequency,MedianFrequency,CustomerShare,RevenueShare,KnownCustomerRevenueContribution,OrderShare
Champions,1261,11616420.665,21787,6916903,9212.07031324,17.2775574941,20.0285487708,17,9212.07031324,4006.06,17.2775574941,11,0.215481886535,0.678304514598,0.678304514598,0.595322020931
Loyal Customers,594,1719846.324,4917,1075480,2895.36418182,8.27777777778,86.0033670034,79,2895.36418182,1918.965,8.27777777778,7,0.101503759398,0.100425041381,0.100425041381,0.134355275023
Potential Loyalists,716,878554.671,2063,523949,1227.03166341,2.8812849162,25.8701117318,24,1227.03166341,760.96,2.8812849162,3,0.122351332878,0.0513004493248,0.0513004493248,0.0563707407711
New Customers,78,26369.28,78,18032,338.067692308,1,11.9743589744,12,338.067692308,258.255,1,1,0.0133287764867,0.00153975154538,0.00153975154538,0.00213132223953
Promising,455,493527.153,1056,277618,1084.67506154,2.32087912088,84.5054945055,74,1084.67506154,831.06,2.32087912088,2,0.0777511961722,0.0288179729032,0.0288179729032,0.0288548241659
Need Attention,409,165370.77,677,108165,404.329511002,1.65525672372,109.611246944,99,404.329511002,328.64,1.65525672372,1,0.0698906356801,0.00965630835077,0.00965630835077,0.0184987840533
At Risk,709,1531082.342,3892,1116864,2159.49554584,5.48942172073,359.990126939,367,2159.49554584,1155.03,5.48942172073,4,0.121155160629,0.089402759658,0.089402759658,0.106347514824
Hibernating,681,299939.45,943,172767,440.439720999,1.38472834068,315.86784141,316,440.439720999,314.59,1.38472834068,1,0.116370471634,0.017514025095,0.017514025095,0.025767139383
Lost,949,394561.392,1184,322525,415.765428872,1.24762908325,553.495258166,550,415.765428872,261.7,1.24762908325,1,0.162166780588,0.0230391771439,0.0230391771439,0.0323523786103
